x,f(x),lagrange,newton
-0.51,0,-0.635485,-0.635485
-0.459,0,-0.565767,-0.565767
-0.408,0,-0.497467,-0.497467
-0.357,0,-0.430566,-0.430566
-0.306,0,-0.365048,-0.365048
-0.255,0,-0.300894,-0.300894
-0.204,0,-0.238089,-0.238089
-0.153,0,-0.176614,-0.176614
-0.102,0,-0.116452,-0.116452
-0.051,0,-0.0575866,-0.0575866
-9.71445e-17,0,-1.08483e-16,-1.08483e-16
0.051,0.225832,0.0563249,0.0563249
0.102,0.319374,0.111405,0.111405
0.153,0.391152,0.165258,0.165258
0.204,0.451664,0.217902,0.217902
0.255,0.504975,0.269352,0.269352
0.306,0.553173,0.319627,0.319627
0.357,0.597495,0.368743,0.368743
0.408,0.638749,0.416719,0.416719
0.459,0.677495,0.46357,0.46357
0.51,0.714143,0.509315,0.509315
0.561,0.748999,0.553971,0.553971
0.612,0.782304,0.597554,0.597554
0.663,0.814248,0.640083,0.640083
0.714,0.844985,0.681573,0.681573
0.765,0.874643,0.722044,0.722044
0.816,0.903327,0.761511,0.761511
0.867,0.931128,0.799992,0.799992
0.918,0.958123,0.837504,0.837504
0.969,0.984378,0.874064,0.874064
1.02,1.00995,0.909691,0.909691
1.071,1.03489,0.9444,0.9444
1.122,1.05925,0.978209,0.978209
1.173,1.08305,1.01114,1.01114
1.224,1.10635,1.0432,1.0432
1.275,1.12916,1.07441,1.07441
1.326,1.15152,1.10479,1.10479
1.377,1.17346,1.13436,1.13436
1.428,1.19499,1.16313,1.16313
1.479,1.21614,1.19112,1.19112
1.53,1.23693,1.21835,1.21835
1.581,1.25738,1.24484,1.24484
1.632,1.2775,1.2706,1.2706
1.683,1.2973,1.29565,1.29565
1.734,1.31681,1.32,1.32
1.785,1.33604,1.34368,1.34368
1.836,1.35499,1.3667,1.3667
1.887,1.37368,1.38908,1.38908
1.938,1.39212,1.41083,1.41083
1.989,1.41032,1.43198,1.43198
2.04,1.42829,1.45254,1.45254
2.091,1.44603,1.47252,1.47252
2.142,1.46356,1.49195,1.49195
2.193,1.48088,1.51084,1.51084
2.244,1.498,1.52921,1.52921
2.295,1.51493,1.54708,1.54708
2.346,1.53167,1.56446,1.56446
2.397,1.54822,1.58137,1.58137
2.448,1.56461,1.59783,1.59783
2.499,1.58082,1.61386,1.61386
2.55,1.59687,1.62946,1.62946
2.601,1.61276,1.64467,1.64467
2.652,1.6285,1.6595,1.6595
2.703,1.64408,1.67395,1.67395
2.754,1.65952,1.68806,1.68806
2.805,1.67481,1.70184,1.70184
2.856,1.68997,1.71531,1.71531
2.907,1.70499,1.72847,1.72847
2.958,1.71988,1.74136,1.74136
3.009,1.73465,1.75399,1.75399
3.06,1.74929,1.76637,1.76637
3.111,1.7638,1.77852,1.77852
3.162,1.7782,1.79046,1.79046
3.213,1.79248,1.80221,1.80221
3.264,1.80665,1.81378,1.81378
3.315,1.82071,1.8252,1.8252
3.366,1.83467,1.83647,1.83647
3.417,1.84851,1.84761,1.84761
3.468,1.86226,1.85865,1.85865
3.519,1.8759,1.8696,1.8696
3.57,1.88944,1.88048,1.88048
3.621,1.90289,1.8913,1.8913
3.672,1.91625,1.90208,1.90208
3.723,1.92951,1.91284,1.91284
3.774,1.94268,1.9236,1.9236
3.825,1.95576,1.93437,1.93437
3.876,1.96876,1.94517,1.94517
3.927,1.98167,1.95602,1.95602
3.978,1.99449,1.96693,1.96693
4.029,2.00724,1.97792,1.97792
4.08,2.0199,1.98902,1.98902
4.131,2.03249,2.00023,2.00023
4.182,2.04499,2.01158,2.01158
4.233,2.05743,2.02307,2.02307
4.284,2.06978,2.03474,2.03474
4.335,2.08207,2.04659,2.04659
4.386,2.09428,2.05864,2.05864
4.437,2.10642,2.07091,2.07091
4.488,2.11849,2.08342,2.08342
4.539,2.13049,2.09619,2.09619
4.59,2.14243,2.10922,2.10922
4.641,2.1543,2.12255,2.12255
4.692,2.1661,2.13618,2.13618
4.743,2.17784,2.15014,2.15014
4.794,2.18952,2.16443,2.16443
4.845,2.20114,2.17908,2.17908
4.896,2.21269,2.19411,2.19411
4.947,2.22419,2.20953,2.20953
4.998,2.23562,2.22536,2.22536
5.049,2.247,2.24162,2.24162
5.1,2.25832,2.25832,2.25832
5.151,2.26958,2.27548,2.27548
5.202,2.28079,2.29312,2.29312
5.253,2.29194,2.31126,2.31126
5.304,2.30304,2.32991,2.32991
5.355,2.31409,2.34909,2.34909
5.406,2.32508,2.36881,2.36881
5.457,2.33602,2.3891,2.3891
5.508,2.34691,2.40998,2.40998
5.559,2.35775,2.43145,2.43145
